what,kind,bundleId,bundleVersion,description,time
activated,workbench,org.eclipse.ui.workbench,3.7.0.I20110519-0100,"",1382337629011
executed,command,,,"AUTOGEN:::org.eclipse.jdt.debug.CompilationUnitEditor.BreakpointRulerActions/org.eclipse.jdt.debug.ui.actions.ManageBreakpointRulerAction",1382337652783
executed,command,,,"AUTOGEN:::org.eclipse.jdt.debug.CompilationUnitEditor.BreakpointRulerActions/org.eclipse.jdt.debug.ui.actions.ManageBreakpointRulerAction",1382337709059
deactivated,workbench,org.eclipse.ui.workbench,3.7.0.I20110519-0100,"",1382337737303
activated,workbench,org.eclipse.ui.workbench,3.7.0.I20110519-0100,"",1382337751319
opened,view,org.eclipse.debug.ui,3.7.101.v20110817_r371,"org.eclipse.debug.ui.DebugView",1382337752099
opened,view,org.eclipse.debug.ui,3.7.101.v20110817_r371,"org.eclipse.debug.ui.VariableView",1382337752359
activated,perspective,org.eclipse.debug.ui,3.7.101.v20110817_r371,"org.eclipse.debug.ui.DebugPerspective",1382337752499
started,bundle,org.eclipse.wst.jsdt.debug.core,2.0.101.v201201112313,"org.eclipse.wst.jsdt.debug.core",1382337753709
opened,view,org.eclipse.debug.ui,3.7.101.v20110817_r371,"org.eclipse.debug.ui.BreakpointView",1382337753789
executed,command,org.eclipse.debug.ui,3.7.101.v20110817_r371,"org.eclipse.debug.ui.commands.StepInto",1382337855253
activated,view,org.eclipse.debug.ui,3.7.101.v20110817_r371,"org.eclipse.debug.ui.DebugView",1382338059918
executed,command,org.eclipse.debug.ui,3.7.101.v20110817_r371,"org.eclipse.debug.ui.commands.Terminate",1382338059928
activated,perspective,org.eclipse.jdt.ui,3.7.1.r371_v20110824-0800,"org.eclipse.jdt.ui.JavaPerspective",1382338062550
activated,editor,org.eclipse.jdt.ui,3.7.1.r371_v20110824-0800,"org.eclipse.jdt.ui.CompilationUnitEditor",1382338062650
activated,perspective,org.eclipse.jst.j2ee.ui,1.1.501.v201108231700,"org.eclipse.jst.j2ee.J2EEPerspective",1382338203766
activated,view,org.eclipse.ui.console,3.5.100.v20110511,"org.eclipse.ui.console.ConsoleView",1382338205586
opened,view,org.eclipse.wst.server.ui,1.3.0.v20120210_1439,"org.eclipse.wst.server.ui.ServersView",1382338206837
activated,view,org.eclipse.wst.server.ui,1.3.0.v20120210_1439,"org.eclipse.wst.server.ui.ServersView",1382338206895
activated,perspective,org.eclipse.jdt.ui,3.7.1.r371_v20110824-0800,"org.eclipse.jdt.ui.JavaPerspective",1382339034555
activated,view,org.eclipse.ui.console,3.5.100.v20110511,"org.eclipse.ui.console.ConsoleView",1382339034575
activated,view,org.eclipse.jdt.ui,3.7.1.r371_v20110824-0800,"org.eclipse.jdt.ui.PackageExplorer",1382339036925
deactivated,workbench,org.eclipse.ui.workbench,3.7.0.I20110519-0100,"",1382339040725
activated,workbench,org.eclipse.ui.workbench,3.7.0.I20110519-0100,"",1382339058355
deactivated,workbench,org.eclipse.ui.workbench,3.7.0.I20110519-0100,"",1382339079833
activated,workbench,org.eclipse.ui.workbench,3.7.0.I20110519-0100,"",1382339106418
opened,editor,org.eclipse.jdt.ui,3.7.1.r371_v20110824-0800,"org.eclipse.jdt.ui.CompilationUnitEditor",1382339106940
activated,editor,org.eclipse.jdt.ui,3.7.1.r371_v20110824-0800,"org.eclipse.jdt.ui.CompilationUnitEditor",1382339107129
executed,command,org.eclipse.jdt.ui,3.7.1.r371_v20110824-0800,"org.eclipse.jdt.ui.edit.text.java.source.quickMenu",1382339126176
deactivated,workbench,org.eclipse.ui.workbench,3.7.0.I20110519-0100,"",1382339128533
activated,workbench,org.eclipse.ui.workbench,3.7.0.I20110519-0100,"",1382339130418
failed,command,org.eclipse.jdt.ui,3.7.1.r371_v20110824-0800,"org.eclipse.jdt.ui.edit.text.java.create.getter.setter",1382339130438
executed,command,org.eclipse.jdt.ui,3.7.1.r371_v20110824-0800,"org.eclipse.jdt.ui.edit.text.java.source.quickMenu",1382339132208
deactivated,workbench,org.eclipse.ui.workbench,3.7.0.I20110519-0100,"",1382339136908
activated,workbench,org.eclipse.ui.workbench,3.7.0.I20110519-0100,"",1382339141138
executed,command,org.eclipse.jdt.ui,3.7.1.r371_v20110824-0800,"org.eclipse.jdt.ui.edit.text.java.generate.constructor.using.fields",1382339141238
executed,command,org.eclipse.ui,3.7.0.I20110602-0100,"org.eclipse.ui.file.save",1382339172732
executed,command,org.eclipse.ui,3.7.0.I20110602-0100,"org.eclipse.ui.file.save",1382339194864
deactivated,workbench,org.eclipse.ui.workbench,3.7.0.I20110519-0100,"",1382339203524
activated,workbench,org.eclipse.ui.workbench,3.7.0.I20110519-0100,"",1382339228090
activated,view,org.eclipse.jdt.ui,3.7.1.r371_v20110824-0800,"org.eclipse.jdt.ui.PackageExplorer",1382339238432
deactivated,workbench,org.eclipse.ui.workbench,3.7.0.I20110519-0100,"",1382339245913
activated,workbench,org.eclipse.ui.workbench,3.7.0.I20110519-0100,"",1382339267163
deactivated,workbench,org.eclipse.ui.workbench,3.7.0.I20110519-0100,"",1382339269959
activated,workbench,org.eclipse.ui.workbench,3.7.0.I20110519-0100,"",1382339292179
deactivated,workbench,org.eclipse.ui.workbench,3.7.0.I20110519-0100,"",1382339299719
started,bundle,org.eclipse.jdt.junit.core,3.7.0.v20110518-0800,"org.eclipse.jdt.junit.core",1382339322483
started,bundle,org.eclipse.equinox.simpleconfigurator.manipulator,2.0.0.v20110502-1955,"org.eclipse.equinox.simpleconfigurator.manipulator",1382339427623
started,bundle,org.eclipse.equinox.frameworkadmin,2.0.0.v20110502-1955,"org.eclipse.equinox.frameworkadmin",1382339427623
activated,workbench,org.eclipse.ui.workbench,3.7.0.I20110519-0100,"",1382339428193
executed,command,org.eclipse.ui,3.7.0.I20110602-0100,"org.eclipse.ui.newWizard",1382339428273
opened,editor,org.eclipse.jdt.ui,3.7.1.r371_v20110824-0800,"org.eclipse.jdt.ui.CompilationUnitEditor",1382339428809
activated,editor,org.eclipse.jdt.ui,3.7.1.r371_v20110824-0800,"org.eclipse.jdt.ui.CompilationUnitEditor",1382339428999
activated,view,org.eclipse.jdt.ui,3.7.1.r371_v20110824-0800,"org.eclipse.jdt.ui.PackageExplorer",1382339469074
executed,command,org.eclipse.jdt.junit,3.7.0.v20110505-0800,"org.eclipse.jdt.junit.junitShortcut.run",1382339473234
opened,view,org.eclipse.jdt.junit,3.7.0.v20110505-0800,"org.eclipse.jdt.junit.ResultView",1382339475338
activated,view,org.eclipse.jdt.junit,3.7.0.v20110505-0800,"org.eclipse.jdt.junit.ResultView",1382339475468
deactivated,workbench,org.eclipse.ui.workbench,3.7.0.I20110519-0100,"",1382339482088
activated,workbench,org.eclipse.ui.workbench,3.7.0.I20110519-0100,"",1382339485370
activated,editor,org.eclipse.jdt.ui,3.7.1.r371_v20110824-0800,"org.eclipse.jdt.ui.CompilationUnitEditor",1382339485450
deactivated,workbench,org.eclipse.ui.workbench,3.7.0.I20110519-0100,"",1382339487300
activated,workbench,org.eclipse.ui.workbench,3.7.0.I20110519-0100,"",1382339487700
deactivated,workbench,org.eclipse.ui.workbench,3.7.0.I20110519-0100,"",1382339492350
activated,workbench,org.eclipse.ui.workbench,3.7.0.I20110519-0100,"",1382339495530
executed,command,org.eclipse.jdt.junit,3.7.0.v20110505-0800,"org.eclipse.jdt.junit.junitShortcut.run",1382339495620
activated,view,org.eclipse.jdt.junit,3.7.0.v20110505-0800,"org.eclipse.jdt.junit.ResultView",1382339513470
activated,editor,org.eclipse.jdt.ui,3.7.1.r371_v20110824-0800,"org.eclipse.jdt.ui.CompilationUnitEditor",1382339516130
executed,command,org.eclipse.ui,3.7.0.I20110602-0100,"org.eclipse.ui.edit.text.contentAssist.proposals",1382339553032
executed,command,org.eclipse.ui,3.7.0.I20110602-0100,"org.eclipse.ui.edit.copy",1382339571394
executed,command,org.eclipse.ui,3.7.0.I20110602-0100,"org.eclipse.ui.edit.paste",1382339573284
executed,command,org.eclipse.ui,3.7.0.I20110602-0100,"org.eclipse.ui.edit.paste",1382339576594
executed,command,org.eclipse.ui,3.7.0.I20110602-0100,"org.eclipse.ui.edit.paste",1382339578924
executed,command,org.eclipse.ui,3.7.0.I20110602-0100,"org.eclipse.ui.edit.copy",1382339581578
executed,command,org.eclipse.ui,3.7.0.I20110602-0100,"org.eclipse.ui.edit.paste",1382339582618
executed,command,org.eclipse.ui,3.7.0.I20110602-0100,"org.eclipse.ui.edit.copy",1382339583998
executed,command,org.eclipse.ui,3.7.0.I20110602-0100,"org.eclipse.ui.edit.paste",1382339584866
executed,command,org.eclipse.ui,3.7.0.I20110602-0100,"org.eclipse.ui.edit.copy",1382339586310
executed,command,org.eclipse.ui,3.7.0.I20110602-0100,"org.eclipse.ui.edit.paste",1382339587180
executed,command,org.eclipse.ui,3.7.0.I20110602-0100,"org.eclipse.ui.file.save",1382339587930
deactivated,workbench,org.eclipse.ui.workbench,3.7.0.I20110519-0100,"",1382339597812
activated,workbench,org.eclipse.ui.workbench,3.7.0.I20110519-0100,"",1382339597932
executed,command,org.eclipse.jdt.junit,3.7.0.v20110505-0800,"org.eclipse.jdt.junit.junitShortcut.run",1382339598012
activated,view,org.eclipse.datatools.sqltools.result.ui,1.1.1.v201101140415,"org.eclipse.datatools.sqltools.result.resultView",1382339611252
activated,view,org.eclipse.ui.console,3.5.100.v20110511,"org.eclipse.ui.console.ConsoleView",1382339612242
activated,editor,org.eclipse.jdt.ui,3.7.1.r371_v20110824-0800,"org.eclipse.jdt.ui.CompilationUnitEditor",1382339613892
activated,view,org.eclipse.jdt.junit,3.7.0.v20110505-0800,"org.eclipse.jdt.junit.ResultView",1382339660181
executed,command,org.eclipse.jdt.junit,3.7.0.v20110505-0800,"org.eclipse.jdt.junit.junitShortcut.rerunLast",1382339670114
executed,command,org.eclipse.jdt.junit,3.7.0.v20110505-0800,"org.eclipse.jdt.junit.junitShortcut.rerunLast",1382339676628
executed,command,org.eclipse.jdt.junit,3.7.0.v20110505-0800,"org.eclipse.jdt.junit.junitShortcut.rerunLast",1382339683728
executed,command,org.eclipse.jdt.junit,3.7.0.v20110505-0800,"org.eclipse.jdt.junit.junitShortcut.rerunLast",1382339700752
executed,command,org.eclipse.jdt.junit,3.7.0.v20110505-0800,"org.eclipse.jdt.junit.junitShortcut.rerunFailedFirst",1382339701852
activated,view,org.eclipse.datatools.sqltools.result.ui,1.1.1.v201101140415,"org.eclipse.datatools.sqltools.result.resultView",1382339723352
activated,view,org.eclipse.ui.console,3.5.100.v20110511,"org.eclipse.ui.console.ConsoleView",1382339724112
activated,view,org.eclipse.jdt.ui,3.7.1.r371_v20110824-0800,"org.eclipse.jdt.ui.PackageExplorer",1382339733340
executed,command,org.eclipse.jdt.junit,3.7.0.v20110505-0800,"org.eclipse.jdt.junit.junitShortcut.run",1382339738680
activated,editor,org.eclipse.jdt.ui,3.7.1.r371_v20110824-0800,"org.eclipse.jdt.ui.CompilationUnitEditor",1382339746522
executed,command,org.eclipse.ui,3.7.0.I20110602-0100,"org.eclipse.ui.file.save",1382339752812
activated,view,org.eclipse.jdt.ui,3.7.1.r371_v20110824-0800,"org.eclipse.jdt.ui.PackageExplorer",1382339754614
executed,command,org.eclipse.jdt.junit,3.7.0.v20110505-0800,"org.eclipse.jdt.junit.junitShortcut.run",1382339757184
activated,view,org.eclipse.jdt.junit,3.7.0.v20110505-0800,"org.eclipse.jdt.junit.ResultView",1382339761814
activated,editor,org.eclipse.jdt.ui,3.7.1.r371_v20110824-0800,"org.eclipse.jdt.ui.CompilationUnitEditor",1382339784726
executed,command,,,"AUTOGEN:::org.eclipse.jdt.debug.CompilationUnitEditor.BreakpointRulerActions/org.eclipse.jdt.debug.ui.actions.ManageBreakpointRulerAction",1382339791592
executed,command,,,"AUTOGEN:::org.eclipse.jdt.debug.CompilationUnitEditor.BreakpointRulerActions/org.eclipse.jdt.debug.ui.actions.ManageBreakpointRulerAction",1382339792572
executed,command,,,"AUTOGEN:::org.eclipse.jdt.debug.CompilationUnitEditor.BreakpointRulerActions/org.eclipse.jdt.debug.ui.actions.ManageBreakpointRulerAction",1382339793342
executed,command,,,"AUTOGEN:::org.eclipse.jdt.debug.CompilationUnitEditor.BreakpointRulerActions/org.eclipse.jdt.debug.ui.actions.ManageBreakpointRulerAction",1382339799882
activated,editor,org.eclipse.jdt.ui,3.7.1.r371_v20110824-0800,"org.eclipse.jdt.ui.CompilationUnitEditor",1382339803992
activated,editor,org.eclipse.jdt.ui,3.7.1.r371_v20110824-0800,"org.eclipse.jdt.ui.CompilationUnitEditor",1382339807102
closed,editor,org.eclipse.jdt.ui,3.7.1.r371_v20110824-0800,"org.eclipse.jdt.ui.CompilationUnitEditor",1382339808572
closed,editor,org.eclipse.jst.jsp.ui,1.1.602.v201112071516,"org.eclipse.jst.jsp.core.jspsource.source",1382339808632
closed,editor,org.eclipse.datatools.sqltools.sqlscrapbook,1.0.1.v201005250945,"org.eclipse.datatools.sqltools.sqlscrapbook.SQLScrapbookEditor",1382339808662
closed,editor,org.eclipse.jdt.ui,3.7.1.r371_v20110824-0800,"org.eclipse.jdt.ui.CompilationUnitEditor",1382339808682
closed,editor,org.eclipse.jdt.ui,3.7.1.r371_v20110824-0800,"org.eclipse.jdt.ui.CompilationUnitEditor",1382339808742
closed,editor,org.eclipse.jdt.ui,3.7.1.r371_v20110824-0800,"org.eclipse.jdt.ui.CompilationUnitEditor",1382339808762
closed,editor,org.eclipse.jdt.ui,3.7.1.r371_v20110824-0800,"org.eclipse.jdt.ui.CompilationUnitEditor",1382339808802
closed,editor,org.eclipse.jdt.ui,3.7.1.r371_v20110824-0800,"org.eclipse.jdt.ui.CompilationUnitEditor",1382339809522
closed,editor,org.eclipse.jdt.ui,3.7.1.r371_v20110824-0800,"org.eclipse.jdt.ui.CompilationUnitEditor",1382339809552
closed,editor,org.eclipse.jdt.ui,3.7.1.r371_v20110824-0800,"org.eclipse.jdt.ui.CompilationUnitEditor",1382339809572
closed,editor,org.eclipse.jdt.ui,3.7.1.r371_v20110824-0800,"org.eclipse.jdt.ui.CompilationUnitEditor",1382339809602
closed,editor,org.eclipse.jdt.ui,3.7.1.r371_v20110824-0800,"org.eclipse.jdt.ui.CompilationUnitEditor",1382339809912
activated,view,org.eclipse.jdt.junit,3.7.0.v20110505-0800,"org.eclipse.jdt.junit.ResultView",1382339812432
executed,command,org.eclipse.jdt.junit,3.7.0.v20110505-0800,"org.eclipse.jdt.junit.junitShortcut.rerunLast",1382339812582
executed,command,org.eclipse.jdt.junit,3.7.0.v20110505-0800,"org.eclipse.jdt.junit.junitShortcut.rerunLast",1382339813812
activated,perspective,org.eclipse.jst.j2ee.ui,1.1.501.v201108231700,"org.eclipse.jst.j2ee.J2EEPerspective",1382339817762
activated,editor,org.eclipse.jdt.ui,3.7.1.r371_v20110824-0800,"org.eclipse.jdt.ui.CompilationUnitEditor",1382339817902
activated,perspective,org.eclipse.jdt.ui,3.7.1.r371_v20110824-0800,"org.eclipse.jdt.ui.JavaPerspective",1382339828474
activated,perspective,org.eclipse.jdt.ui,,"org.eclipse.jdt.ui.JavaPerspective",1382340265185
started,bundle,org.eclipse.osgi,3.7.1.R37x_v20110808-1106,"org.eclipse.osgi",1382340265195
started,bundle,org.eclipse.equinox.simpleconfigurator,1.0.200.v20110502-1955,"org.eclipse.equinox.simpleconfigurator",1382340265195
started,bundle,com.ibm.icu,4.4.2.v20110208,"com.ibm.icu",1382340265195
started,bundle,org.eclipse.compare.core,3.5.200.I20110208-0800,"org.eclipse.compare.core",1382340265195
started,bundle,org.eclipse.core.contenttype,3.4.100.v20110423-0524,"org.eclipse.core.contenttype",1382340265195
started,bundle,org.eclipse.core.databinding.observable,1.4.0.I20110222-0800,"org.eclipse.core.databinding.observable",1382340265205
started,bundle,org.eclipse.core.expressions,3.4.300.v20110228,"org.eclipse.core.expressions",1382340265205
started,bundle,org.eclipse.core.filebuffers,3.5.200.v20110505-0800,"org.eclipse.core.filebuffers",1382340265205
started,bundle,org.eclipse.core.filesystem,1.3.100.v20110423-0524,"org.eclipse.core.filesystem",1382340265205
started,bundle,org.eclipse.core.jobs,3.5.100.v20110404,"org.eclipse.core.jobs",1382340265205
started,bundle,org.eclipse.core.net,1.2.100.I20110511-0800,"org.eclipse.core.net",1382340265205
started,bundle,org.eclipse.core.resources,3.7.100.v20110510-0712,"org.eclipse.core.resources",1382340265205
started,bundle,org.eclipse.core.runtime,3.7.0.v20110110,"org.eclipse.core.runtime",1382340265205
started,bundle,org.eclipse.core.runtime.compatibility,3.2.100.v20100505,"org.eclipse.core.runtime.compatibility",1382340265205
started,bundle,org.eclipse.core.runtime.compatibility.auth,3.2.200.v20110110,"org.eclipse.core.runtime.compatibility.auth",1382340265205
started,bundle,org.eclipse.core.variables,3.2.500.v20110511,"org.eclipse.core.variables",1382340265205
started,bundle,org.eclipse.debug.core,3.7.0.v20110518,"org.eclipse.debug.core",1382340265205
started,bundle,org.eclipse.epp.mpc.ui,1.1.1.I20110907-0947,"org.eclipse.epp.mpc.ui",1382340265205
started,bundle,org.eclipse.epp.usagedata.gathering,1.3.1.R201106061540,"org.eclipse.epp.usagedata.gathering",1382340265205
started,bundle,org.eclipse.epp.usagedata.recording,1.3.1.R201106061540,"org.eclipse.epp.usagedata.recording",1382340265205
started,bundle,org.eclipse.equinox.app,1.3.100.v20110321,"org.eclipse.equinox.app",1382340265205
started,bundle,org.eclipse.equinox.common,3.6.0.v20110523,"org.eclipse.equinox.common",1382340265215
started,bundle,org.eclipse.equinox.ds,1.3.1.R37x_v20110701,"org.eclipse.equinox.ds",1382340265215
started,bundle,org.eclipse.equinox.event,1.2.100.v20110502,"org.eclipse.equinox.event",1382340265215
started,bundle,org.eclipse.equinox.frameworkadmin,2.0.0.v20110502-1955,"org.eclipse.equinox.frameworkadmin",1382340265225
started,bundle,org.eclipse.equinox.p2.artifact.repository,1.1.101.R37x_v20110714,"org.eclipse.equinox.p2.artifact.repository",1382340265225
started,bundle,org.eclipse.equinox.p2.core,2.1.0.v20110502-1955,"org.eclipse.equinox.p2.core",1382340265225
started,bundle,org.eclipse.equinox.p2.director,2.1.0.v20110504-1715,"org.eclipse.equinox.p2.director",1382340265225
started,bundle,org.eclipse.equinox.p2.directorywatcher,1.0.300.v20110502-1955,"org.eclipse.equinox.p2.directorywatcher",1382340265225
started,bundle,org.eclipse.equinox.p2.engine,2.1.0.v20110511,"org.eclipse.equinox.p2.engine",1382340265225
started,bundle,org.eclipse.equinox.p2.extensionlocation,1.2.100.v20110510,"org.eclipse.equinox.p2.extensionlocation",1382340265225
started,bundle,org.eclipse.equinox.p2.metadata,2.1.0.v20110510,"org.eclipse.equinox.p2.metadata",1382340265235
started,bundle,org.eclipse.equinox.p2.metadata.repository,1.2.0.v20110511-1359,"org.eclipse.equinox.p2.metadata.repository",1382340265235
started,bundle,org.eclipse.equinox.p2.operations,2.1.0.v20110511-1821,"org.eclipse.equinox.p2.operations",1382340265235
started,bundle,org.eclipse.equinox.p2.publisher,1.2.0.v20110511,"org.eclipse.equinox.p2.publisher",1382340265235
started,bundle,org.eclipse.equinox.p2.reconciler.dropins,1.1.100.v20110510,"org.eclipse.equinox.p2.reconciler.dropins",1382340265235
started,bundle,org.eclipse.equinox.p2.repository,2.1.0.v20110601,"org.eclipse.equinox.p2.repository",1382340265255
started,bundle,org.eclipse.equinox.p2.touchpoint.eclipse,2.1.1.R37x_v20110815-0935,"org.eclipse.equinox.p2.touchpoint.eclipse",1382340265255
started,bundle,org.eclipse.equinox.p2.ui.sdk.scheduler,1.0.100.v20110502-1955,"org.eclipse.equinox.p2.ui.sdk.scheduler",1382340265255
started,bundle,org.eclipse.equinox.p2.updatechecker,1.1.200.v20110502-1955,"org.eclipse.equinox.p2.updatechecker",1382340265255
started,bundle,org.eclipse.equinox.preferences,3.4.1.R37x_v20110725,"org.eclipse.equinox.preferences",1382340265255
started,bundle,org.eclipse.equinox.registry,3.5.101.R37x_v20110810-1611,"org.eclipse.equinox.registry",1382340265255
started,bundle,org.eclipse.equinox.security,1.1.1.R37x_v20110822-1018,"org.eclipse.equinox.security",1382340265255
started,bundle,org.eclipse.equinox.simpleconfigurator.manipulator,2.0.0.v20110502-1955,"org.eclipse.equinox.simpleconfigurator.manipulator",1382340265265
started,bundle,org.eclipse.equinox.util,1.0.300.v20110502,"org.eclipse.equinox.util",1382340265265
started,bundle,org.eclipse.help,3.5.100.v20110426,"org.eclipse.help",1382340265265
started,bundle,org.eclipse.jdt.apt.core,3.3.500.v20110420-1015,"org.eclipse.jdt.apt.core",1382340265265
started,bundle,org.eclipse.jdt.core,3.7.1.v_B76_R37x,"org.eclipse.jdt.core",1382340265265
started,bundle,org.eclipse.jdt.core.manipulation,1.4.0.v20110505-0800,"org.eclipse.jdt.core.manipulation",1382340265265
started,bundle,org.eclipse.jdt.junit.core,3.7.0.v20110518-0800,"org.eclipse.jdt.junit.core",1382340265265
started,bundle,org.eclipse.jdt.launching,3.6.1.v20110803_r371,"org.eclipse.jdt.launching",1382340265265
started,bundle,org.eclipse.jdt.ui,3.7.1.r371_v20110824-0800,"org.eclipse.jdt.ui",1382340265265
started,bundle,org.eclipse.jem.util,2.1.100.v201103021400,"org.eclipse.jem.util",1382340265265
started,bundle,org.eclipse.jem.workbench,2.0.400.v201104251400,"org.eclipse.jem.workbench",1382340265265
started,bundle,org.eclipse.jface,3.7.0.I20110522-1430,"org.eclipse.jface",1382340265265
started,bundle,org.eclipse.jst.common.project.facet.core,1.4.200.v201103170302,"org.eclipse.jst.common.project.facet.core",1382340265265
started,bundle,org.eclipse.jst.server.core,1.2.202.v20110419,"org.eclipse.jst.server.core",1382340265265
started,bundle,org.eclipse.jst.server.tomcat.core,1.1.300.v20110427,"org.eclipse.jst.server.tomcat.core",1382340265265
started,bundle,org.eclipse.jst.ws.jaxrs.core,1.0.301.v201108240656,"org.eclipse.jst.ws.jaxrs.core",1382340265265
started,bundle,org.eclipse.ltk.core.refactoring,3.5.201.r371_v20110824-0800,"org.eclipse.ltk.core.refactoring",1382340265265
started,bundle,org.eclipse.ltk.ui.refactoring,3.6.0.v20110505-0800,"org.eclipse.ltk.ui.refactoring",1382340265265
started,bundle,org.eclipse.mylyn.bugzilla.core,3.6.2.v20110903-0100,"org.eclipse.mylyn.bugzilla.core",1382340265265
started,bundle,org.eclipse.mylyn.bugzilla.ui,3.6.0.v20110608-1400,"org.eclipse.mylyn.bugzilla.ui",1382340265265
started,bundle,org.eclipse.mylyn.commons.identity,0.8.0.v20110608-1400,"org.eclipse.mylyn.commons.identity",1382340265265
started,bundle,org.eclipse.mylyn.commons.net,3.6.0.v20110608-1400,"org.eclipse.mylyn.commons.net",1382340265265
started,bundle,org.eclipse.mylyn.commons.ui,3.6.1.v20110720-0100,"org.eclipse.mylyn.commons.ui",1382340265265
started,bundle,org.eclipse.mylyn.context.core,3.6.1.v20110720-0100,"org.eclipse.mylyn.context.core",1382340265265
started,bundle,org.eclipse.mylyn.context.ui,3.6.0.v20110608-1400,"org.eclipse.mylyn.context.ui",1382340265265
started,bundle,org.eclipse.mylyn.monitor.ui,3.6.0.v20110608-1400,"org.eclipse.mylyn.monitor.ui",1382340265265
started,bundle,org.eclipse.mylyn.tasks.ui,3.6.2.v20110826-0100,"org.eclipse.mylyn.tasks.ui",1382340265265
started,bundle,org.eclipse.pde.launching,3.6.0.v20110506,"org.eclipse.pde.launching",1382340265265
started,bundle,org.eclipse.pde.ui,3.6.100.v20110603,"org.eclipse.pde.ui",1382340265275
started,bundle,org.eclipse.search,3.7.0.v20110505-0800,"org.eclipse.search",1382340265275
started,bundle,org.eclipse.team.core,3.6.0.I20110525-0800,"org.eclipse.team.core",1382340265275
started,bundle,org.eclipse.ui,3.7.0.I20110602-0100,"org.eclipse.ui",1382340265275
started,bundle,org.eclipse.ui.console,3.5.100.v20110511,"org.eclipse.ui.console",1382340265275
started,bundle,org.eclipse.ui.editors,3.7.0.v20110517-0800,"org.eclipse.ui.editors",1382340265275
started,bundle,org.eclipse.ui.forms,3.5.100.v20110425,"org.eclipse.ui.forms",1382340265275
started,bundle,org.eclipse.ui.ide,3.7.0.v20110809-1737,"org.eclipse.ui.ide",1382340265275
started,bundle,org.eclipse.ui.net,1.2.100.I20110511-0800,"org.eclipse.ui.net",1382340265275
started,bundle,org.eclipse.ui.views,3.6.0.I20110412-0800,"org.eclipse.ui.views",1382340265275
started,bundle,org.eclipse.ui.views.log,1.0.200.v20110404,"org.eclipse.ui.views.log",1382340265275
started,bundle,org.eclipse.ui.workbench,3.7.0.I20110519-0100,"org.eclipse.ui.workbench",1382340265275
started,bundle,org.eclipse.ui.workbench.texteditor,3.7.0.v20110505-0800,"org.eclipse.ui.workbench.texteditor",1382340265275
started,bundle,org.eclipse.update.configurator,3.3.100.v20100512,"org.eclipse.update.configurator",1382340265275
started,bundle,org.eclipse.wst.common.core,1.2.0.v200908252030,"org.eclipse.wst.common.core",1382340265275
started,bundle,org.eclipse.wst.common.emf,1.2.100.v201101101900,"org.eclipse.wst.common.emf",1382340265275
started,bundle,org.eclipse.wst.common.emfworkbench.integration,1.2.101.v201107140600,"org.eclipse.wst.common.emfworkbench.integration",1382340265275
started,bundle,org.eclipse.wst.common.frameworks.ui,1.2.100.v201105122000,"org.eclipse.wst.common.frameworks.ui",1382340265275
started,bundle,org.eclipse.emf.common,2.7.0.v20120127-1122,"org.eclipse.emf.common",1382340265275
started,bundle,org.eclipse.emf.ecore,2.7.0.v20120127-1122,"org.eclipse.emf.ecore",1382340265275
started,bundle,org.eclipse.emf.ecore.xmi,2.7.0.v20120127-1122,"org.eclipse.emf.ecore.xmi",1382340265275
started,bundle,org.eclipse.jem,2.0.501.v201111030500,"org.eclipse.jem",1382340265275
started,bundle,org.eclipse.jst.common.frameworks,1.1.501.v201201190400,"org.eclipse.jst.common.frameworks",1382340265275
started,bundle,org.eclipse.jst.j2ee,1.1.503.v201202090300,"org.eclipse.jst.j2ee",1382340265275
started,bundle,org.eclipse.jst.j2ee.core,1.2.102.v201202090300,"org.eclipse.jst.j2ee.core",1382340265275
started,bundle,org.eclipse.jst.j2ee.web,1.1.502.v201202090300,"org.eclipse.jst.j2ee.web",1382340265275
started,bundle,org.eclipse.m2e.logback.configuration,1.3.1.20130219-1424,"org.eclipse.m2e.logback.configuration",1382340265275
started,bundle,org.eclipse.wst.common.frameworks,1.2.102.v201201190400,"org.eclipse.wst.common.frameworks",1382340265275
started,bundle,org.eclipse.wst.common.modulecore,1.2.103.v201201190400,"org.eclipse.wst.common.modulecore",1382340265275
started,bundle,org.eclipse.wst.common.project.facet.core,1.4.201.v201201101553,"org.eclipse.wst.common.project.facet.core",1382340265275
started,bundle,org.eclipse.wst.server.core,1.1.304.v20120208_1420,"org.eclipse.wst.server.core",1382340265275
started,bundle,org.eclipse.wst.server.ui,1.3.0.v20120210_1439,"org.eclipse.wst.server.ui",1382340265275
started,bundle,org.eclipse.wst.validation,1.2.303.v201202090300,"org.eclipse.wst.validation",1382340265275
started,bundle,org.eclipse.wst.web,1.1.501.v201201190400,"org.eclipse.wst.web",1382340265275
started,bundle,org.eclipse.wst.xml.core,1.1.602.v201201091944,"org.eclipse.wst.xml.core",1382340265275
os,sysinfo,,,"win32",1382340265295
arch,sysinfo,,,"x86",1382340265295
ws,sysinfo,,,"win32",1382340265295
locale,sysinfo,,,"ko_KR",1382340265295
processors,sysinfo,,,"2",1382340265295
java.runtime.name,sysinfo,,,"Java(TM) 2 Runtime Environment, Standard Edition",1382340265295
java.runtime.version,sysinfo,,,"1.5.0_12-b04",1382340265295
java.specification.name,sysinfo,,,"Java Platform API Specification",1382340265295
java.specification.vendor,sysinfo,,,"Sun Microsystems Inc.",1382340265295
java.specification.version,sysinfo,,,"1.5",1382340265295
java.vendor,sysinfo,,,"Sun Microsystems Inc.",1382340265295
java.version,sysinfo,,,"1.5.0_12",1382340265295
java.vm.info,sysinfo,,,"mixed mode",1382340265295
java.vm.name,sysinfo,,,"Java HotSpot(TM) Client VM",1382340265295
java.vm.specification.name,sysinfo,,,"Java Virtual Machine Specification",1382340265295
java.vm.specification.vendor,sysinfo,,,"Sun Microsystems Inc.",1382340265295
java.vm.specification.version,sysinfo,,,"1.0",1382340265295
java.vm.vendor,sysinfo,,,"Sun Microsystems Inc.",1382340265295
